"","colony_density","rhos","landscape_id","colony_size_bin","true_colony_avg","true_colony_sd","model_colony_avg","model_colony_sd","rho_mean","rho_sd","theta_mean","theta_sd"
"1",1000,100,7,"1-3",139.049118782219,1.30961436140267,309.676371971506,15.1069675846549,336.127736352397,43.6658560904168,-0.1272526229849,0.215592488996421
"2",1000,100,7,"4+",139.574635319791,0.478996138816068,357.348526077724,12.2551788038463,336.127736352397,43.6658560904168,-0.1272526229849,0.215592488996421
