"","colony_density","rho","landscape_id","colony_size_bin","true_colony_avg","true_colony_sd","model_colony_avg","model_colony_sd","rho_mean","rho_msd","theta_mean","theta_sd"
"1",1000,50,2,"1-3",69.9758499455621,0.682430175979029,120.230090734913,22.0660938291402,3.87156058803793,0.078873793849876,3.41863580670475,0.627215022932433
"2",1000,50,2,"4+",70.0346885304377,0.675289155227471,107.172332070484,16.7610668327511,3.87156058803793,0.078873793849876,3.41863580670475,0.627215022932433
