"","colony_density","rhos","landscape_id","colony_size_bin","true_colony_avg","true_colony_sd","model_colony_avg","model_colony_sd","rho_mean","rho_sd","theta_mean","theta_sd"
"1",1000,50,9,"1-3",70.1971100727116,0.816392027493792,302.939716542923,17.6053996057656,144.603748745396,45.5771367527521,-0.159349365863978,0.379323455258657
"2",1000,50,9,"4+",70.1010459244922,0.645115666863008,347.117732285089,11.8393455656663,144.603748745396,45.5771367527521,-0.159349365863978,0.379323455258657
